UF;Ente Federado;Código IBGE;Creche Integral Pública Urbano;Creche Integral Pública Campo;Creche Integral Pública Indígena;Creche Integral Pública Quilombola;Creche Integral Conveniada Urbano;Creche Integral Conveniada Campo;Creche Integral Conveniada Indígena;Creche Integral Conveniada Quilombola;Creche Parcial Pública Urbano;Creche Parcial Pública Campo;Creche Parcial Pública Indígena;Creche Parcial Pública Quilombola;Creche Parcial Conveniada Urbano;Creche Parcial Conveniada Campo;Creche Parcial Conveniada Indígena;Creche Parcial Conveniada Quilombola;Pré-Escola Integral Pública Urbano;Pré-Escola Integral Pública Campo;Pré-Escola Integral Pública Indígena;Pré-Escola Integral Pública Quilombola;Pré-Escola Integral Conveniada Urbano;Pré-Escola Integral Conveniada Campo;Pré-Escola Integral Conveniada Indígena;Pré-Escola Integral Conveniada Quilombola;Pré-Escola Parcial Pública Urbano;Pré-Escola Parcial Pública Campo;Pré-Escola Parcial Pública Indígena;Pré-Escola Parcial Pública Quilombola;Pré-Escola Parcial Conveniada Urbano;Pré-Escola Parcial Conveniada Campo;Pré-Escola Parcial Conveniada Indígena;Pré-Escola Parcial Conveniada Quilombola;Ensino Fundamental Integral Urbano;Ensino Fundamental Integral Campo;Ensino Fundamental Integral Indígena;Ensino Fundamental Integral Quilombola;Anos Iniciais Fundamental Urbano;Anos Iniciais Fundamental Campo;Anos Iniciais Fundamental Indígena;Anos Iniciais Fundamental Quilombola;Anos Finais Fundamental Urbano;Anos Finais Fundamental Campo;Anos Finais Fundamental Indígena;Anos Finais Fundamental Quilombola;Ensino Médio Integral Urbano;Ensino Médio Integral Campo;Ensino Médio Integral Indígena;Ensino Médio Integral Quilombola;Ensino Médio Parcial Urbano;Ensino Médio Parcial Campo;Ensino Médio Parcial Indígena;Ensino Médio Parcial Quilombola;EJA Urbano;EJA Campo;EJA Indígena;EJA Quilombola;Educação Especial - Creche Urbano;Educação Especial - Creche Campo;Educação Especial - Creche Indígena;Educação Especial - Creche Quilombola;Educação Especial - Pré-Escola Urbano;Educação Especial - Pré-Escola Campo;Educação Especial - Pré-Escola Indígena;Educação Especial - Pré-Escola Quilombola;Educação Especial - Demais segmentos Urbano;Educação Especial - Demais segmentos Campo;Educação Especial - Demais segmentos Indígena;Educação Especial - Demais segmentos Quilombola;Atendimento Educacional Especializado;Educação Profissional e Técnica;Educação Bilingue - Creche Urbano;Educação Bilingue - Creche Campo;Educação Bilingue - Creche Indígena;Educação Bilingue - Creche Quilombola;Educação Bilingue - Pré-Escola Urbano;Educação Bilingue - Pré-Escola Campo;Educação Bilingue - Pré-Escola Indígena;Educação Bilingue - Pré-Escola Quilombola;Educação Bilingue - Demais segmentos Urbano;Educação Bilingue - Demais segmentos Campo;Educação Bilingue - Demais segmentos Indígena;Educação Bilingue - Demais segmentos Quilombola;Matrículas Totais;COEFICIENTE;"Receita da contribuição de
estados e municípios ao Fundeb";"Complementação
VAAF";"Complementação
VAAT";"Complementação
VAAR";"Complementação
da União Total";"Total das receitas
previstas"
PA;ABAETETUBA;1500107;746;8;0;2;0;0;0;0;1277;767;0;109;0;0;0;0;147;52;0;9;0;0;0;0;2125;1775;0;287;0;0;0;0;3552;511;0;88;3689;4503;0;723;1408;826;0;131;0;0;0;0;0;0;0;0;298;328;0;35;92;17;0;2;129;44;0;11;272;112;0;17;1068;0;0;0;0;0;0;0;0;0;0;0;0;0;25160;0.012990347864;138158923.91;67222878.42;118632603.13;0;185855481.55;324014405.46
PA;ABEL FIGUEIREDO;1500131;4;0;0;0;0;0;0;0;89;0;0;0;0;0;0;0;5;0;0;0;0;0;0;0;170;15;0;0;0;0;0;0;165;0;0;0;361;81;0;0;436;17;0;0;0;0;0;0;0;0;0;0;41;0;0;0;0;0;0;0;0;0;0;0;14;3;0;0;39;0;0;0;0;0;0;0;0;0;0;0;0;0;1440;0.000669156533;7116818.38;3462773.19;2627844.4;488826.99;6579444.58;13696262.96
PA;ACARA;1500206;70;27;0;1;0;0;0;0;335;852;0;196;0;0;0;0;134;56;0;8;0;0;0;0;297;1419;0;252;0;0;0;0;1399;679;0;129;558;4005;0;659;652;2581;0;204;0;0;0;0;0;0;0;0;157;730;0;123;4;4;0;0;1;10;0;1;21;123;0;28;675;0;0;0;0;0;0;0;0;0;0;0;0;0;16390;0.008754329382;93106723.52;45302190.97;49236866.82;10087414.55;104626472.34;197733195.86
PA;AFUA;1500305;47;0;0;0;0;0;0;0;307;0;0;0;0;0;0;0;83;5;0;0;0;0;0;0;445;1291;0;0;0;0;0;0;530;25;0;0;883;4677;0;0;880;2904;0;0;0;0;0;0;0;0;0;0;221;0;0;0;0;0;0;0;3;25;0;0;117;152;0;0;138;0;0;0;0;0;0;0;0;0;0;0;0;0;12733;0.006283897459;66832429.74;32518118.78;44521616.3;0;77039735.08;143872164.82
PA;AGUA AZUL DO NORTE;1500347;7;0;0;0;0;0;0;0;209;101;0;0;0;0;0;0;14;0;0;0;0;0;0;0;263;132;0;0;0;0;0;0;109;23;0;0;735;427;0;0;467;277;0;0;0;0;0;0;0;0;0;0;83;91;0;0;0;1;0;0;7;2;0;0;67;17;0;0;113;0;0;0;0;0;0;0;0;0;0;0;0;0;3145;0.001477811099;15717268.95;7647425.37;3299914.02;1984524.09;12931863.48;28649132.43
PA;ALENQUER;1500404;3;0;0;0;0;0;0;0;118;0;0;30;0;0;0;0;29;9;0;0;0;0;0;0;920;918;0;53;0;0;0;0;952;127;0;0;2234;2623;0;129;1319;1982;0;126;0;0;0;0;0;0;0;0;97;16;0;17;9;0;0;0;45;30;0;1;88;92;0;8;275;0;0;0;0;0;0;0;0;0;0;0;0;0;12250;0.006005872496;63875493.55;31079386.08;42514147.17;7643090.03;81236623.28;145112116.83
PA;ALMEIRIM;1500503;132;14;0;0;0;0;0;0;697;546;0;0;0;0;0;0;213;2;0;0;0;0;0;0;555;454;0;0;0;0;0;0;1150;92;0;0;1463;1423;0;0;1146;873;0;0;0;0;0;0;0;0;0;0;290;698;0;0;4;0;0;0;39;5;0;0;103;24;0;0;309;0;0;0;0;0;0;0;0;0;0;0;0;0;10232;0.00506297848;53847338.5;26200067.18;39120442.99;6160440.62;71480950.79;125328289.29
PA;ALTAMIRA;1500602;1465;226;0;0;0;0;0;0;474;0;0;0;0;0;0;0;116;20;0;0;0;0;0;0;2064;871;158;0;0;0;0;0;1160;73;0;0;5909;2666;961;0;4613;1942;815;0;0;0;0;0;0;0;0;0;298;136;0;0;36;0;0;0;136;10;0;0;412;106;45;0;767;0;0;0;0;0;0;0;0;0;0;0;0;0;25479;0.01228689167;130677311.27;63582610.22;74659857.02;0;138242467.24;268919778.51
PA;ANAJAS;1500701;2;0;0;0;0;0;0;0;222;74;0;0;0;0;0;0;10;0;0;0;0;0;0;0;540;977;0;0;0;0;0;0;501;135;0;0;1468;3050;0;0;681;2134;0;0;0;0;0;0;0;0;0;0;223;63;0;0;10;0;0;0;15;10;0;0;77;77;0;0;56;0;0;0;0;0;0;0;0;0;0;0;0;0;10325;0.005091233746;54147847.55;26346283.46;37861279.94;6264328.83;70471892.23;124619739.78
PA;ANANINDEUA;1500800;839;0;0;0;0;0;0;0;2657;0;0;10;0;0;0;0;228;13;0;0;0;0;0;0;6178;0;0;18;0;0;0;0;1527;83;0;0;16622;0;0;33;10436;0;0;30;0;0;0;0;0;0;0;0;1254;0;0;0;97;0;0;1;483;0;0;1;1077;0;0;4;1057;0;0;0;0;0;0;0;0;0;0;0;0;0;42648;0.0191202564;203353603.52;98944130.27;90856902.63;29533653.66;219334686.56;422688290.08
PA;ANAPU;1500859;45;2;0;0;0;0;0;0;222;81;0;0;0;0;0;0;21;4;0;0;0;0;0;0;559;557;0;0;0;0;0;0;1312;261;0;0;967;1705;0;0;682;1118;0;0;0;0;0;0;0;0;0;0;115;586;0;0;4;0;0;0;7;5;0;0;21;35;0;0;166;0;0;0;0;0;0;0;0;0;0;0;0;0;8475;0.004243022199;45126688.47;21956930.51;34603375.36;5159588.75;61719894.62;106846583.09
PA;AUGUSTO CORREA;1500909;7;3;0;0;0;0;0;0;141;240;0;0;0;0;0;0;56;97;0;0;0;0;0;0;423;937;0;0;0;0;0;0;468;551;0;0;1099;2751;0;0;1037;2227;0;0;0;0;0;0;0;0;0;0;152;314;0;0;1;3;0;0;4;15;0;0;70;103;0;0;486;0;0;0;0;0;0;0;0;0;0;0;0;0;11185;0.005709783496;60726437.18;29547175.01;37754516.28;6922868.79;74224560.08;134950997.26
PA;AURORA DO PARA;1500958;6;5;0;0;0;0;0;0;176;209;0;0;0;0;0;0;11;15;0;1;0;0;0;0;258;433;1;8;0;0;0;0;540;307;0;2;407;1089;6;61;493;741;0;0;0;0;0;0;0;0;0;0;95;415;0;12;0;0;0;0;0;1;0;0;13;24;0;0;182;0;0;0;0;0;0;0;0;0;0;0;0;0;5511;0.002837031428;30173265.05;14681163.33;20751319.67;0;35432483;65605748.05
PA;AVEIRO;1501006;31;101;10;0;0;0;0;0;52;94;46;0;0;0;0;0;63;129;14;0;0;0;0;0;37;254;78;0;0;0;0;0;263;352;32;0;92;787;182;0;123;645;145;0;0;0;0;0;0;0;0;0;30;19;9;0;0;0;0;0;0;0;0;0;0;8;0;0;154;0;0;0;0;0;0;0;0;0;0;0;0;0;3750;0.00209332467;22263567.29;10832605.2;18537526.44;2320653.01;31690784.65;53954351.94
PA;BAGRE;1501105;138;0;0;0;0;0;0;0;0;0;0;0;0;0;0;0;31;2;0;0;0;0;0;0;482;417;0;18;0;0;0;0;391;112;0;0;1229;1420;0;62;915;969;0;35;0;0;0;0;0;0;0;0;90;18;0;0;0;0;0;0;0;1;0;0;28;11;0;1;471;0;0;0;0;0;0;0;0;0;0;0;0;0;6841;0.003385732785;36008981.68;17520601.12;28256703.86;0;45777304.98;81786286.66
PA;BAIAO;1501204;0;0;0;0;0;0;0;0;172;96;0;77;0;0;0;0;0;3;0;0;0;0;0;0;430;454;0;301;0;0;0;0;284;10;0;7;973;1041;0;751;807;668;0;511;0;0;0;0;0;0;0;0;110;198;0;73;4;5;0;0;17;16;0;6;112;89;0;42;177;0;0;0;0;0;0;0;0;0;0;0;0;0;7434;0.003819754464;40625021.89;19766590.75;22742406.54;4486310.68;46995307.97;87620329.86
PA;BANNACH;1501253;52;0;0;0;0;0;0;0;38;18;0;0;0;0;0;0;6;0;0;0;0;0;0;0;64;27;9;0;0;0;0;0;34;0;0;0;195;99;21;0;136;71;0;0;0;0;0;0;0;0;0;0;69;50;0;0;1;0;0;0;0;0;0;0;9;1;0;0;0;0;0;0;0;0;0;0;0;0;0;0;0;0;900;0.000422466368;4493143.64;2186192.82;1713781.14;0;3899973.96;8393117.6
PA;BARCARENA;1501303;474;24;0;0;0;0;0;0;1545;161;0;0;0;0;0;0;180;53;0;0;0;0;0;0;2473;859;0;0;0;0;0;0;1182;334;0;0;7128;2488;0;0;5650;1346;0;0;0;0;0;0;0;0;0;0;566;79;0;0;55;2;0;0;54;12;0;0;196;101;0;0;684;0;0;0;0;0;0;0;0;0;0;0;0;0;25646;0.011920766832;126783388.33;61687975.39;0;16537614.72;78225590.11;205008978.44
PA;BELEM;1501402;3512;67;0;0;1622;0;0;0;653;33;0;2;846;0;0;0;2061;69;0;17;665;0;0;0;8046;223;0;15;2224;0;0;0;557;97;0;0;24118;613;0;110;10831;412;0;97;0;0;0;0;0;0;0;0;3190;49;0;0;50;0;0;0;740;8;0;0;2859;59;0;12;3717;0;0;0;0;0;0;0;0;0;0;0;0;0;67574;0.031182690195;331643691.7;161365208.51;0;0;161365208.51;493008900.21
PA;BELTERRA;1501451;11;0;0;0;0;0;0;0;141;29;0;0;0;0;0;0;14;0;0;0;0;0;0;0;480;135;0;0;0;0;0;0;129;81;0;0;827;861;54;0;633;591;58;0;0;0;0;0;0;0;0;0;18;45;0;0;2;2;0;0;5;1;0;0;7;21;1;0;180;0;0;0;0;0;0;0;0;0;0;0;0;0;4326;0.00206358983;21947322.22;10678732.37;12732875.74;1496242.04;24907850.15;46855172.37
PA;BENEVIDES;1501501;448;0;0;0;0;0;0;0;815;209;0;0;0;0;0;0;0;1;0;0;0;0;0;0;1126;505;0;0;0;0;0;0;1136;1065;0;0;1613;1503;0;0;1341;382;0;0;0;0;0;0;0;0;0;0;7;81;0;0;41;5;0;0;92;23;0;0;159;112;0;0;46;0;0;0;0;0;0;0;0;0;0;0;0;0;10710;0.005475295976;58232543.74;28333741.29;51428142.63;0;79761883.92;137994427.66
PA;BOM JESUS DO TOCANTINS;1501576;4;0;0;0;0;0;0;0;244;31;0;0;0;0;0;0;12;0;0;0;0;0;0;0;330;102;0;0;0;0;0;0;582;132;0;0;573;225;0;0;396;181;0;0;0;0;0;0;0;0;0;0;92;0;0;0;2;1;0;0;3;2;0;0;12;19;0;0;79;0;0;0;0;0;0;0;0;0;0;0;0;0;3022;0.001506137125;16018530.58;7794007.82;6746410.35;1957792.05;16498210.22;32516740.8
PA;BONITO;1501600;0;11;0;0;0;0;0;0;33;81;0;5;0;0;0;0;6;16;0;0;0;0;0;0;104;172;0;7;0;0;0;0;174;159;0;0;151;368;0;17;0;0;0;0;0;0;0;0;0;0;0;0;17;285;0;48;9;1;0;0;21;6;0;0;14;20;0;0;136;0;0;0;0;0;0;0;0;0;0;0;0;0;1861;0.000983481386;10459822.28;5089351.75;9255891.31;1239979.41;15585222.47;26045044.75
PA;BRAGANCA;1501709;52;7;0;0;0;0;0;0;135;287;0;0;0;0;0;0;174;40;0;0;0;0;0;0;1673;1414;0;9;0;0;0;0;743;818;0;1;4426;4192;0;31;0;1975;0;0;0;0;0;0;0;0;0;0;237;595;0;35;3;13;0;0;37;32;0;1;103;199;0;4;893;0;0;0;0;0;0;0;0;0;0;0;0;0;18129;0.008956274029;95254507.05;46347220.75;59142337.02;11473189.56;116962747.33;212217254.38
PA;BRASIL NOVO;1501725;165;28;0;0;0;0;0;0;366;83;0;0;0;0;0;0;229;121;0;0;0;0;0;0;162;222;0;0;0;0;0;0;1371;714;0;0;297;582;0;0;143;179;0;0;0;0;0;0;0;0;0;0;206;459;0;0;0;1;0;0;2;0;0;0;8;19;0;0;205;0;0;0;0;0;0;0;0;0;0;0;0;0;5562;0.003062457001;32570780.1;15847702.99;31120194.25;0;46967897.24;79538677.34
PA;BREJO GRANDE DO ARAGUAIA;1501758;95;8;20;0;0;0;0;0;0;62;0;0;0;0;0;0;13;16;15;0;0;0;0;0;128;83;0;0;0;0;0;0;39;53;22;0;315;221;31;0;295;220;47;0;0;0;0;0;0;0;0;0;24;0;21;0;0;0;0;0;0;0;0;0;1;2;0;0;74;0;0;0;0;0;0;0;0;0;0;0;0;0;1805;0.00091683391;9750992.64;4744462.2;4141864.14;552966.46;9439292.8;19190285.44
PA;BREU BRANCO;1501782;2;0;0;0;0;0;0;0;778;109;0;16;0;0;0;0;0;0;0;0;0;0;0;0;798;371;0;37;0;0;0;0;714;16;0;4;2102;988;0;102;1516;884;0;89;0;0;0;0;0;0;0;0;127;19;0;0;24;8;0;0;44;18;0;1;191;109;0;2;466;0;0;0;0;0;0;0;0;0;0;0;0;0;9535;0.004605818202;48985207.57;23834339.18;25789535.76;0;49623874.94;98609082.51
PA;BREVES;1501808;467;42;0;0;0;0;0;0;700;942;0;0;0;0;0;0;170;67;0;0;0;0;0;0;1727;2704;0;0;0;0;0;0;2446;424;0;0;3971;8466;0;0;3752;4839;0;0;0;0;0;0;0;0;0;0;589;48;0;0;5;9;0;0;32;18;0;0;106;202;0;0;947;0;0;0;0;0;0;0;0;0;0;0;0;0;32673;0.016246110062;172785602.62;84070903.48;92734435.12;0;176805338.6;349590941.22
PA;BUJARU;1501907;0;6;0;0;0;0;0;0;195;370;0;56;0;0;0;0;0;4;0;0;0;0;0;0;225;480;0;83;0;0;0;0;623;1279;0;152;284;670;0;86;220;567;0;92;0;0;0;0;0;0;0;0;77;410;0;19;12;13;0;0;26;22;0;1;74;132;0;19;295;0;0;0;0;0;0;0;0;0;0;0;0;0;6492;0.003737749184;39752854.23;19342227.14;29955350.94;4117121.91;53414699.99;93167554.22
PA;CACHOEIRA DO PIRIA;1501956;6;13;0;5;0;0;0;0;78;191;0;15;0;0;0;0;14;23;0;5;0;0;0;0;186;406;0;16;0;0;0;0;369;975;0;80;289;337;0;0;481;698;0;59;0;0;0;0;0;0;0;0;72;228;0;25;1;4;0;0;1;8;0;0;6;25;0;5;100;0;0;0;0;0;0;0;0;0;0;0;0;0;4721;0.002638166734;28058238.38;13652071.79;20120002.26;2990121.06;36762195.11;64820433.49
PA;CACHOEIRA DO ARARI;1502004;0;28;0;0;0;0;0;0;0;305;0;0;0;0;0;0;0;95;0;0;0;0;0;0;0;533;0;35;0;0;0;0;0;161;0;0;0;1734;0;131;0;529;0;129;0;0;0;0;0;0;0;0;0;77;0;0;0;9;0;0;0;14;0;2;0;91;0;21;26;0;0;0;0;0;0;0;0;0;0;0;0;0;3920;0.002077644964;22096805.68;10751465.34;16215123.19;2461612.86;29428201.39;51525007.07
PA;CAMETA;1502103;25;35;0;0;0;0;0;0;575;1256;0;66;0;0;0;0;319;132;0;2;0;0;0;0;906;2555;0;115;0;0;0;0;560;1263;0;19;3018;7217;0;409;2837;5154;0;643;0;0;0;0;0;0;0;0;419;352;0;66;8;5;0;0;11;10;0;0;130;230;0;13;652;0;0;0;0;0;0;0;0;0;0;0;0;0;29002;0.014743806604;156807845.03;76296734.25;92608117.34;0;168904851.59;325712696.62
PA;CANAA DOS CARAJAS;1502152;149;0;0;0;0;0;0;0;466;57;0;0;0;0;0;0;0;46;0;0;0;0;0;0;2341;510;0;0;0;0;0;0;472;257;0;0;6613;1192;0;0;4340;878;0;0;0;0;0;0;0;0;0;0;386;0;0;0;32;0;0;0;212;28;0;0;659;84;0;0;886;0;0;0;0;0;0;0;0;0;0;0;0;0;19608;0.008907226531;94732862.08;46093408.15;0;12811448.99;58904857.14;153637719.22
PA;CAPANEMA;1502202;199;8;0;0;0;0;0;0;510;218;0;0;0;0;0;0;175;11;0;0;0;0;0;0;984;277;0;0;0;0;0;0;1171;195;0;0;2141;597;0;0;0;0;0;0;0;0;0;0;0;0;0;0;301;65;0;0;17;2;0;0;26;5;0;0;67;17;0;0;578;0;0;0;0;0;0;0;0;0;0;0;0;0;7564;0.003778396201;40185155.84;19552568.65;23999805.27;2668981.54;46221355.46;86406511.3
PA;CAPITAO POCO;1502301;111;44;0;0;0;0;0;0;185;242;3;1;0;0;0;0;265;110;0;0;0;0;0;0;475;596;14;2;0;0;0;0;1491;2150;0;6;749;138;0;0;532;946;0;0;0;0;0;0;0;0;0;0;154;143;0;0;2;4;0;0;14;6;0;0;46;19;0;0;257;0;0;0;0;0;0;0;0;0;0;0;0;0;8705;0.004988968102;53060200.67;25817075.85;48243187.99;5680023.94;79740287.78;132800488.45
PA;CASTANHAL;1502400;164;2;0;0;0;0;0;0;793;30;0;15;0;0;0;0;282;18;0;0;0;0;0;0;3366;548;0;34;0;0;0;0;2560;337;0;39;8661;1316;0;52;4727;735;0;10;0;0;0;0;0;0;0;0;1041;287;0;6;23;0;0;1;87;4;0;1;273;61;0;3;1446;0;0;0;0;0;0;0;0;0;0;0;0;0;26922;0.01260813139;134093858.28;65244972.06;56064425.96;0;121309398.02;255403256.3
PA;CHAVES;1502509;0;34;0;0;0;0;0;0;0;303;0;0;0;0;0;0;17;126;0;0;0;0;0;0;210;718;0;0;0;0;0;0;30;1731;0;0;20;1697;0;0;0;1545;0;0;0;0;0;0;0;0;0;0;41;657;0;0;0;14;0;0;4;9;0;0;5;117;0;0;164;0;0;0;0;0;0;0;0;0;0;0;0;0;7442;0.004157633512;44218536.57;21515058.33;38829903.77;4489167.88;64834129.98;109052666.55
PA;COLARES;1502608;0;0;0;0;0;0;0;0;54;94;0;9;0;0;0;0;6;0;0;0;0;0;0;0;122;209;0;8;0;0;0;0;398;643;0;53;5;23;0;0;0;0;0;0;0;0;0;0;0;0;0;0;30;83;0;0;1;7;0;0;4;6;0;0;1;0;0;0;48;0;0;0;0;0;0;0;0;0;0;0;0;0;1804;0.001109839198;11803701.56;5743232.3;10037972.79;1191092.19;16972297.28;28775998.84
PA;CONCEICAO DO ARAGUAIA;1502707;513;0;0;0;0;0;0;0;0;0;0;0;0;0;0;0;124;42;0;0;0;0;0;0;744;153;0;0;0;0;0;0;476;349;0;0;1407;484;0;0;425;333;0;0;0;0;0;0;0;0;0;0;94;13;0;0;0;0;0;0;17;4;0;0;194;65;0;0;633;0;0;0;0;0;0;0;0;0;0;0;0;0;6070;0.003076476512;32719884.7;15920251.61;10941255.19;0;26861506.8;59581391.5
PA;CONCORDIA DO PARA;1502756;206;11;0;4;0;0;0;0;386;561;0;133;0;0;0;0;64;34;0;20;0;0;0;0;453;264;0;102;0;0;0;0;1090;734;0;390;920;390;0;108;1177;247;0;206;0;0;0;0;0;0;0;0;331;1441;0;92;0;2;0;0;6;1;0;1;51;27;0;20;362;0;0;0;0;0;0;0;0;0;0;0;0;0;9834;0.005337028992;56762004.38;27618232.77;39449281.4;6166967.46;73234481.63;129996486.01
PA;CUMARU DO NORTE;1502764;166;63;0;0;0;0;0;0;160;37;38;0;0;0;0;0;50;126;0;0;0;0;0;0;198;56;71;0;0;0;0;0;33;491;0;0;536;159;165;0;382;104;153;0;0;0;0;0;0;0;0;0;320;299;157;0;6;0;0;0;7;1;0;0;25;3;3;0;52;0;0;0;0;0;0;0;0;0;0;0;0;0;3861;0.002023174952;21517489.54;10469592.13;16911047.17;2536881.26;29917520.56;51435010.1
PA;CURIONOPOLIS;1502772;204;5;0;0;0;0;0;0;442;193;0;0;0;0;0;0;31;11;0;0;0;0;0;0;508;149;0;0;0;0;0;0;760;238;0;0;1039;282;0;0;822;156;0;0;0;0;0;0;0;0;0;0;382;232;0;0;1;0;0;0;2;0;0;0;17;8;0;0;196;0;0;0;0;0;0;0;0;0;0;0;0;0;5678;0.00279626347;29739677.18;14470195.97;12440874.2;0;26911070.17;56650747.35
PA;CURRALINHO;1502806;0;0;0;0;0;0;0;0;369;51;0;0;0;0;0;0;0;0;0;0;0;0;0;0;417;871;0;31;0;0;0;0;734;0;0;0;1101;2834;0;189;422;2007;0;120;0;0;0;0;0;0;0;0;154;225;0;0;13;0;0;0;37;12;0;0;77;130;0;7;263;0;0;0;0;0;0;0;0;0;0;0;0;0;10064;0.005089688656;54131414.73;26338287.88;30694664.04;6097154.19;63130106.11;117261520.84
PA;CURUA;1502855;0;0;0;0;0;0;0;0;161;25;0;0;0;0;0;0;4;0;0;0;0;0;0;0;292;293;0;0;0;0;0;0;270;0;0;0;728;641;0;0;477;501;0;0;0;0;0;0;0;0;0;0;76;0;0;0;6;0;0;0;14;2;0;0;40;20;0;0;77;0;0;0;0;0;0;0;0;0;0;0;0;0;3627;0.001749816207;18610180.94;9055006.33;13372370.29;2232590.93;24659967.55;43270148.49
PA;CURUCA;1502905;4;57;0;0;0;0;0;0;165;500;0;0;0;0;0;0;17;101;0;0;0;0;0;0;287;629;0;0;0;0;0;0;295;252;0;0;526;1775;0;11;817;1262;0;0;0;0;0;0;0;0;0;0;30;187;0;0;3;1;0;0;3;8;0;0;27;56;0;0;294;0;0;0;0;0;0;0;0;0;0;0;0;0;7307;0.003712937984;39488974.57;19213833.32;26572279.18;4659289.08;50445401.58;89934376.15
PA;DOM ELISEU;1502939;165;156;0;0;0;0;0;0;521;28;0;0;0;0;0;0;0;33;0;0;0;0;0;0;793;191;0;0;0;0;0;0;3971;1027;0;0;10;152;0;0;2;116;0;0;0;0;0;0;0;0;0;0;367;167;0;0;32;0;0;0;84;25;0;0;202;72;0;0;379;0;0;0;0;0;0;0;0;0;0;0;0;0;8493;0.004897569356;52088128.75;25344102.62;35819571.68;0;61163674.3;113251803.05
PA;ELDORADO DO CARAJAS;1502954;14;3;0;0;0;0;0;0;354;93;0;0;0;0;0;0;344;9;0;0;0;0;0;0;194;299;0;0;0;0;0;0;1177;420;0;0;820;604;0;0;869;453;0;0;0;0;0;0;0;0;0;0;104;66;0;0;7;0;0;0;7;5;0;0;27;40;0;0;211;0;0;0;0;0;0;0;0;0;0;0;0;0;6120;0.003176938138;33788344.94;16440123.73;15325555.22;3844075.83;35609754.78;69398099.72
PA;FARO;1503002;0;0;0;0;0;0;0;0;158;111;10;0;0;0;0;0;60;0;0;0;0;0;0;0;153;131;18;0;0;0;0;0;227;207;0;0;265;252;28;0;120;179;5;0;0;0;0;0;0;0;0;0;41;84;0;0;8;6;0;0;9;7;0;0;17;23;0;0;69;0;0;0;0;0;0;0;0;0;0;0;0;0;2188;0.001152523522;12257670.95;5964116.54;5623326.33;1455903.81;13043346.68;25301017.63
PA;FLORESTA DO ARAGUAIA;1503044;91;0;0;0;0;0;0;0;227;92;0;0;0;0;0;0;63;1;0;0;0;0;0;0;330;248;0;0;0;0;0;0;335;12;0;0;933;640;0;0;614;398;0;0;0;0;0;0;0;0;0;0;124;302;0;0;2;0;0;0;5;0;0;0;20;24;0;0;75;0;0;0;0;0;0;0;0;0;0;0;0;0;4536;0.002165093585;23026866.03;11203997.33;17099034.18;2889439.91;31192471.42;54219337.45
PA;GARRAFAO DO NORTE;1503077;0;0;0;0;0;0;0;0;151;204;0;15;0;0;0;0;0;0;0;0;0;0;0;0;371;478;0;27;0;0;0;0;158;0;0;0;848;1350;0;92;801;930;0;0;0;0;0;0;0;0;0;0;95;204;0;0;7;6;0;0;23;21;0;0;79;72;0;0;152;0;0;0;0;0;0;0;0;0;0;0;0;0;6084;0.002973309238;31622648.53;15386378.22;17239119.64;3746130.5;36371628.36;67994276.89
PA;GOIANESIA DO PARA;1503093;5;1;0;0;0;0;0;0;414;124;0;0;0;0;0;0;19;3;0;0;0;0;0;0;484;228;6;0;0;0;0;0;200;64;0;0;991;912;10;0;1238;417;0;0;0;0;0;0;0;0;0;0;230;191;10;0;1;1;0;0;11;5;0;0;187;66;0;0;198;0;0;0;0;0;0;0;0;0;0;0;0;0;6016;0.002852416028;30336888.05;14760776.07;11649444.17;0;26410220.24;56747108.29
PA;GURUPA;1503101;16;4;0;2;0;0;0;0;391;439;0;64;0;0;0;0;30;14;0;0;0;0;0;0;505;923;0;126;0;0;0;0;1938;614;0;231;645;3864;0;621;136;2326;0;345;0;0;0;0;0;0;0;0;176;1194;0;199;0;0;0;0;1;9;0;0;28;60;0;9;397;0;0;0;0;0;0;0;0;0;0;0;0;0;15307;0.008115452421;86311943.71;41996109.5;69235967.63;0;111232077.13;197544020.84
PA;IGARAPE-ACU;1503200;42;4;0;0;0;0;0;0;286;95;0;0;0;0;0;0;160;20;0;0;0;0;0;0;424;288;0;11;0;0;0;0;246;165;0;13;1136;692;0;20;558;0;0;0;0;0;0;0;0;0;0;0;134;49;0;0;15;4;0;0;52;6;0;0;39;15;0;0;198;0;0;0;0;0;0;0;0;0;0;0;0;0;4672;0.002288354224;24337805.3;11841850.53;15420855.7;0;27262706.23;51600511.53
PA;IGARAPE-MIRI;1503309;104;0;0;0;0;0;0;0;418;202;0;0;0;0;0;0;75;2;0;0;0;0;0;0;581;1296;0;0;0;0;0;0;1146;373;0;0;1414;3884;0;0;1147;2872;0;0;0;0;0;0;0;0;0;0;201;297;0;0;2;2;0;0;1;26;0;0;135;170;0;0;582;169;0;0;0;0;0;0;0;0;0;0;0;0;15099;0.007635435988;81206726.01;39512104.71;48298558.41;9493482.57;97304145.69;178510871.7
PA;INHANGAPI;1503408;0;0;0;0;0;0;0;0;14;46;0;19;0;0;0;0;0;0;0;3;0;0;0;0;162;124;0;27;0;0;0;0;222;79;0;34;202;220;0;59;0;0;0;0;0;0;0;0;0;0;0;0;17;58;0;15;1;0;0;0;9;9;0;0;29;14;0;0;28;0;0;0;0;0;0;0;0;0;0;0;0;0;1391;0.000741662804;7887959.27;3837981.02;6364042.59;889669.62;11091693.23;18979652.5
PA;IPIXUNA DO PARA;1503457;30;8;0;0;0;0;0;0;378;529;1;36;0;0;0;0;0;73;0;0;0;0;0;0;98;967;6;56;0;0;0;0;615;736;0;19;934;1443;10;132;922;1028;0;93;0;0;0;0;0;0;0;0;294;526;0;0;17;5;0;0;9;21;0;0;68;71;0;1;415;0;0;0;0;0;0;0;0;0;0;0;0;0;9541;0.004985681677;53025247.88;25800069.15;26381114.37;0;52181183.52;105206431.4
PA;IRITUIA;1503507;6;6;0;0;0;0;0;0;101;266;0;21;0;0;0;0;17;8;0;0;0;0;0;0;217;609;0;51;0;0;0;0;49;172;0;0;579;1472;0;136;109;291;0;0;0;0;0;0;0;0;0;0;0;0;0;0;0;1;0;0;0;11;0;0;11;40;0;2;184;0;0;0;0;0;0;0;0;0;0;0;0;0;4359;0.002212399232;23529985.52;11448796.15;15554010;1532589.11;28535395.26;52065380.78
PA;ITAITUBA;1503606;92;9;0;0;0;0;0;0;1614;505;31;0;0;0;0;0;167;14;0;0;0;0;0;0;2554;1071;66;0;0;0;0;0;1660;273;0;0;7061;2930;130;0;4643;1733;75;0;0;0;0;0;0;0;0;0;756;104;0;0;110;14;0;0;166;26;0;0;313;127;2;0;873;0;0;0;0;0;0;0;0;0;0;0;0;0;27119;0.012710152792;135178907.52;65772915.76;73755570.67;18110658.02;157639144.45;292818051.97
PA;ITUPIRANGA;1503705;1;146;0;0;0;0;0;0;302;383;16;0;0;0;0;0;47;68;5;0;0;0;0;0;608;644;28;0;0;0;0;0;2082;1777;34;0;1044;953;50;0;330;757;24;0;0;0;0;0;0;0;0;0;283;192;0;0;10;7;0;0;8;17;0;0;62;80;1;0;382;0;0;0;0;0;0;0;0;0;0;0;0;0;10341;0.005705020746;60675782.93;29522528.57;47952017.88;6384320.67;83858867.12;144534650.05
PA;JACAREACANGA;1503754;8;0;0;0;0;0;0;0;366;0;0;0;0;0;0;0;8;0;0;0;0;0;0;0;367;74;771;0;0;0;0;0;40;0;4;0;1056;172;1973;0;645;118;1386;0;0;0;0;0;0;0;0;0;119;0;37;0;4;0;0;0;13;1;3;0;77;3;23;0;106;0;0;0;0;0;0;0;0;0;0;0;0;0;7374;0.003954842744;42061754.12;20465650.01;23497100.91;4661568.74;48624319.66;90686073.78
PA;JACUNDA;1503804;315;0;0;0;0;0;0;0;558;17;0;0;0;0;0;0;148;5;2;0;0;0;0;0;826;71;0;0;0;0;0;0;503;21;12;0;1800;463;0;0;1970;147;0;0;0;0;0;0;0;0;0;0;492;31;0;0;6;0;0;0;5;0;0;0;69;8;0;0;314;0;0;0;0;0;0;0;0;0;0;0;0;0;7783;0.003660706303;38933464.2;18943543.11;18164187.02;4770493.26;41878223.39;80811687.59
PA;JURUTI;1503903;0;0;0;0;0;0;0;0;0;0;0;0;0;0;0;0;17;95;0;0;0;0;0;0;965;958;3;0;0;0;0;0;507;54;0;0;2258;2915;20;0;1690;2291;20;0;0;0;0;0;0;0;0;0;156;112;0;0;0;0;0;0;64;8;0;0;78;63;0;0;256;0;0;0;0;0;0;0;0;0;0;0;0;0;12530;0.006015662544;63979615.67;31130047.94;11067248.32;8035771.52;50233067.78;114212683.45
PA;LIMOEIRO DO AJURU;1504000;0;18;0;0;0;0;0;0;274;201;0;0;0;0;0;0;0;49;0;0;0;0;0;0;289;693;0;0;0;0;0;0;22;110;0;0;806;1844;0;0;361;1411;0;0;0;0;0;0;0;0;0;0;161;73;0;0;6;1;0;0;22;6;0;0;18;63;0;0;55;0;0;0;0;0;0;0;0;0;0;0;0;0;6483;0.003217773953;34222654.49;16651442.25;20369795.15;4024640.7;41045878.1;75268532.59
PA;MAE DO RIO;1504059;155;41;0;0;0;0;0;0;269;79;0;0;0;0;0;0;295;149;0;0;0;0;0;0;328;104;0;0;0;0;0;0;2097;525;0;0;566;422;0;0;761;219;0;0;0;0;0;0;0;0;0;0;185;218;0;0;1;1;0;0;0;1;0;0;30;16;0;0;425;0;0;0;0;0;0;0;0;0;0;0;0;0;6887;0.003757834879;39966475.77;19446167.25;25547916.74;4495924.12;49490008.11;89456483.88
PA;MAGALHAES BARATA;1504109;1;2;0;0;0;0;0;0;71;120;0;0;0;0;0;0;7;2;0;0;0;0;0;0;77;133;0;0;0;0;0;0;121;61;0;0;202;314;0;0;263;11;0;0;0;0;0;0;0;0;0;0;19;96;0;0;3;4;0;0;6;12;0;0;25;23;0;0;106;0;0;0;0;0;0;0;0;0;0;0;0;0;1679;0.00084621749;8999951.27;4379034.04;4635169.04;1060654.16;10074857.24;19074808.51
PA;MARABA;1504208;56;10;0;0;0;0;0;0;2690;379;0;0;0;0;0;0;225;30;0;0;0;0;0;0;5537;1288;0;0;0;0;0;0;2752;301;0;0;14500;3556;0;0;11880;2803;0;0;0;0;0;0;0;0;0;0;1727;242;0;0;96;5;0;0;310;24;0;0;878;124;0;0;1642;62;0;0;0;0;0;0;0;0;0;0;0;0;51117;0.023531428757;250268654.02;121771209.74;71028841.13;33676979.39;226477030.26;476745684.28
PA;MARACANA;1504307;6;12;0;0;0;0;0;0;212;289;0;0;0;0;0;0;13;39;0;0;0;0;0;0;292;419;0;0;0;0;0;0;699;896;0;0;317;750;0;0;683;574;0;0;0;0;0;0;0;0;0;0;113;484;0;0;11;4;0;0;21;12;0;0;101;133;0;0;319;0;0;0;0;0;0;0;0;0;0;0;0;0;6399;0.003456407648;36760644.62;17886331.72;25276200.51;4043704.55;47206236.78;83966881.4
PA;MARAPANIM;1504406;0;2;0;0;0;0;0;0;64;220;0;0;0;0;0;0;1;3;0;0;0;0;0;0;208;459;0;0;0;0;0;0;44;231;0;0;613;1014;0;0;205;1284;0;0;0;0;0;0;0;0;0;0;0;218;0;0;1;3;0;0;9;12;0;0;29;88;0;0;196;0;0;0;0;0;0;0;0;0;0;0;0;0;4904;0.002465992605;26227079.38;12761099.46;15038337.93;3050342.93;30849780.32;57076859.7
PA;MARITUBA;1504422;692;1;0;0;0;0;0;0;1316;42;0;0;0;0;0;0;233;7;0;0;0;0;0;0;2643;159;0;0;0;0;0;0;907;78;0;0;7219;531;0;0;5807;492;0;0;0;0;0;0;0;0;0;0;658;102;0;0;16;0;0;0;51;3;0;0;449;36;0;0;1292;0;0;0;0;0;0;0;0;0;0;0;0;0;22734;0.010468580347;111338650.11;54173153.12;44241454.92;15192959.68;113607567.72;224946217.83
PA;MEDICILANDIA;1504455;7;0;0;0;0;0;0;0;244;0;0;0;0;0;0;0;22;13;0;0;0;0;0;0;399;483;0;0;0;0;0;0;327;37;0;0;992;1379;0;0;1065;624;0;0;0;0;0;0;0;0;0;0;144;61;0;0;5;0;0;0;8;9;0;0;41;46;0;0;170;0;0;0;0;0;0;0;0;0;0;0;0;0;6076;0.002885205731;30685623.14;14930457.3;18386304.86;3738732.77;37055494.93;67741118.07
PA;MELGACO;1504505;125;0;0;0;0;0;0;0;413;0;0;0;0;0;0;0;72;31;0;0;0;0;0;0;407;979;0;0;0;0;0;0;242;229;0;0;1044;2807;0;0;743;2347;0;0;0;0;0;0;0;0;0;0;144;751;0;0;3;0;0;0;10;2;0;0;37;66;0;0;140;0;0;0;0;0;0;0;0;0;0;0;0;0;10592;0.005295702676;56322478.1;27404375.99;47332755.94;6485748.07;81222880;137545358.1
PA;MOCAJUBA;1504604;153;1;0;0;0;0;0;0;460;137;0;52;0;0;0;0;115;3;0;0;0;0;0;0;460;241;0;127;0;0;0;0;1112;240;0;10;1023;521;0;299;1166;386;0;170;0;0;0;0;0;0;0;0;276;123;0;38;19;2;0;0;20;4;0;0;56;34;0;10;402;0;0;0;0;0;0;0;0;0;0;0;0;0;7660;0.003969304548;42215562.72;20540487.43;30038095.31;2438087.94;53016670.68;95232233.4
PA;MOJU;1504703;201;18;1;0;0;0;0;0;527;690;3;61;0;0;0;0;103;68;1;3;0;0;0;0;741;1632;12;212;0;0;0;0;1522;341;8;92;1938;4157;26;501;687;3152;36;552;0;0;0;0;0;0;0;0;145;746;0;94;16;6;0;3;21;17;0;8;140;140;1;24;1003;0;0;0;0;0;0;0;0;0;0;0;0;0;19649;0.01022525424;108750753.82;52913981.19;76998258.43;0;129912239.62;238662993.44
PA;MOJUI DOS CAMPOS;1504752;0;0;0;0;0;0;0;0;63;0;0;0;0;0;0;0;104;102;0;0;0;0;0;0;195;314;0;0;0;0;0;0;299;508;0;0;620;748;0;0;757;463;0;0;0;0;0;0;0;0;0;0;0;0;0;0;4;0;0;0;4;9;0;0;42;79;0;0;351;0;0;0;0;0;0;0;0;0;0;0;0;0;4662;0.002410691087;25638919.75;12474923.35;18012818.61;3025610.78;33513352.74;59152272.49
PA;MONTE ALEGRE;1504802;111;0;0;0;0;0;0;0;201;515;0;14;0;0;0;0;237;1;0;0;0;0;0;0;599;1185;0;37;0;0;0;0;801;331;0;27;2020;3125;0;90;1844;2141;0;35;0;0;0;0;0;0;0;0;142;44;0;0;20;18;0;0;33;44;0;1;116;195;0;6;240;0;0;0;0;0;0;0;0;0;0;0;0;0;14173;0.007069822324;75191138.43;36585148.57;49063537.91;8917953.55;94566640.03;169757778.46
PA;MUANA;1504901;0;0;0;0;0;0;0;0;87;77;0;0;0;0;0;0;0;0;0;0;0;0;0;0;516;695;0;0;0;0;0;0;1305;3705;0;0;445;815;0;0;0;108;0;0;0;0;0;0;0;0;0;0;158;914;0;0;1;2;0;0;35;15;0;0;21;38;0;0;58;0;0;0;0;0;0;0;0;0;0;0;0;0;8995;0.005350101244;56901034.4;27685879.49;39385996.8;5773703.79;72845580.08;129746614.48
PA;NOVA ESPERANCA DO PIRIA;1504950;4;0;0;0;0;0;0;0;242;131;0;0;0;0;0;0;9;0;0;0;0;0;0;0;390;212;0;0;0;0;0;0;204;12;0;0;1050;684;0;0;823;474;0;0;0;0;0;0;0;0;0;0;224;295;0;0;7;2;0;0;17;10;0;0;87;43;0;0;199;0;0;0;0;0;0;0;0;0;0;0;0;0;5119;0.002448682536;26042978.04;12671522.74;15225356.5;0;27896879.24;53939857.28
PA;NOVA IPIXUNA;1504976;15;0;0;0;0;0;0;0;147;30;0;0;0;0;0;0;24;0;0;0;0;0;0;0;245;110;0;0;0;0;0;0;139;23;0;0;696;322;0;0;500;236;0;0;0;0;0;0;0;0;0;0;29;13;0;0;6;0;0;0;15;2;0;0;65;24;0;0;103;0;0;0;0;0;0;0;0;0;0;0;0;0;2744;0.001299459707;13820411.64;6724486.73;5712857.75;1699324.2;14136668.68;27957080.32
PA;NOVA TIMBOTEUA;1505007;120;2;0;0;0;0;0;0;0;54;0;0;0;0;0;0;35;19;0;0;0;0;0;0;83;169;0;0;0;0;0;0;315;202;0;0;256;336;0;0;300;180;0;0;0;0;0;0;0;0;0;0;54;112;0;0;0;1;0;0;0;0;0;0;5;30;0;0;163;0;0;0;0;0;0;0;0;0;0;0;0;0;2436;0.001276925574;13580749.73;6607876.36;9327995.33;1565699.45;17501571.14;31082320.87
PA;NOVO PROGRESSO;1505031;109;34;0;0;0;0;0;0;888;128;0;0;0;0;0;0;32;43;0;0;0;0;0;0;1010;181;16;0;0;0;0;0;822;327;0;0;2200;404;77;0;1518;287;40;0;0;0;0;0;0;0;0;0;90;0;25;0;13;0;0;0;17;0;0;0;56;18;1;0;212;0;0;0;0;0;0;0;0;0;0;0;0;0;8548;0.00408182421;43412266.27;21122757.87;28283090.7;0;49405848.57;92818114.84
PA;NOVO REPARTIMENTO;1505064;66;7;0;0;0;0;0;0;346;363;49;0;0;0;0;0;132;114;49;0;0;0;0;0;724;981;45;0;0;0;0;0;970;335;455;0;1736;3228;2;0;1495;2606;44;0;0;0;0;0;0;0;0;0;141;161;4;0;3;2;0;0;7;4;0;0;76;26;1;0;319;0;0;0;0;0;0;0;0;0;0;0;0;0;14491;0.007350903075;78180574.47;38039694.46;52344238.97;0;90383933.43;168564507.9
PA;OBIDOS;1505106;7;16;0;0;0;0;0;0;330;23;0;48;45;0;0;0;30;8;0;12;0;0;0;0;861;710;0;154;77;0;0;0;349;106;0;103;2031;1703;0;380;2029;1653;0;388;0;0;0;0;0;0;0;0;253;45;0;12;6;0;0;0;5;9;0;2;57;45;0;14;253;0;0;0;0;0;0;0;0;0;0;0;0;0;11764;0.005756676346;61225166.37;29789837.67;37619904.94;0;67409742.61;128634908.98
PA;OEIRAS DO PARA;1505205;0;0;0;0;0;0;0;0;331;108;0;76;0;0;0;0;0;0;0;0;0;0;0;0;543;625;0;143;0;0;0;0;926;49;0;95;1075;1809;0;334;1165;1463;0;351;0;0;0;0;0;0;0;0;201;222;0;61;18;0;0;1;37;3;0;3;105;61;0;14;20;0;0;0;0;0;0;0;0;0;0;0;0;0;9839;0.005058142187;53795902.07;26175040.18;35525841.96;6008854.48;67709736.62;121505638.69
PA;ORIXIMINA;1505304;70;0;0;0;0;0;0;0;661;101;0;58;0;0;0;0;326;0;0;0;0;0;0;0;1243;551;33;323;0;0;0;0;3163;1424;0;798;2602;652;256;385;1550;365;206;214;0;0;0;0;0;0;0;0;30;0;0;0;19;2;0;0;38;13;0;3;166;32;1;20;702;0;0;0;0;0;0;0;0;0;0;0;0;0;16007;0.008823982485;93847519.52;45662634.13;57380406.91;0;103043041.04;196890560.56
PA;OUREM;1505403;0;3;0;0;0;0;0;0;221;137;0;26;0;0;0;0;0;3;0;0;0;0;0;0;234;222;0;40;0;0;0;0;0;9;0;0;424;835;0;85;0;0;0;0;0;0;0;0;0;0;0;0;0;70;0;7;21;0;0;1;21;11;0;1;35;78;0;3;139;0;0;0;0;0;0;0;0;0;0;0;0;0;2626;0.001308346812;13914930.49;6770476.02;7431908.21;1834668.75;16037052.98;29951983.47
PA;OURILANDIA DO NORTE;1505437;181;0;0;0;0;0;0;0;458;0;0;0;0;0;0;0;49;6;0;0;0;0;0;0;876;80;57;0;0;0;0;0;671;15;0;0;2121;234;274;0;1474;192;174;0;0;0;0;0;0;0;0;0;221;12;119;0;6;0;0;0;15;1;0;0;103;11;2;0;302;0;0;0;0;0;0;0;0;0;0;0;0;0;7654;0.003635533641;38665740.2;18813278.79;10161419.61;4818107.98;33792806.38;72458546.58
PA;PACAJA;1505486;253;251;0;0;0;0;0;0;307;258;0;0;0;0;0;0;152;162;0;0;0;0;0;0;637;514;0;0;0;0;0;0;2904;1592;0;0;847;1304;0;0;232;759;0;0;0;0;0;0;0;0;0;0;108;821;0;0;1;0;0;0;11;4;0;0;22;62;0;0;338;0;0;0;0;0;0;0;0;0;0;0;0;0;11539;0.006390080218;67961737.12;33067596.81;52704825.4;7103927.99;92876350.2;160838087.32
PA;PALESTINA DO PARA;1505494;9;0;0;0;0;0;0;0;138;25;0;0;0;0;0;0;7;0;0;0;0;0;0;0;156;67;0;0;0;0;0;0;105;0;0;0;339;129;0;0;314;80;0;0;0;0;0;0;0;0;0;0;34;0;0;0;2;0;0;0;0;0;0;0;17;6;0;0;40;0;0;0;0;0;0;0;0;0;0;0;0;0;1468;0.000692476072;7364833.49;3583447.9;3313636.74;0;6897084.64;14261918.13
PA;PARAGOMINAS;1505502;60;1;0;0;0;0;0;0;1333;142;24;0;0;0;0;0;329;18;0;0;0;0;0;0;2168;402;50;0;0;0;0;0;4633;613;152;0;4876;790;135;0;3003;749;80;0;0;0;0;0;0;0;0;0;504;182;15;0;7;0;0;0;33;2;4;0;149;21;8;0;1104;0;0;0;0;0;0;0;0;0;0;0;0;0;21587;0.010791147763;114769317.82;55842385.57;59522282.29;0;115364667.86;230133985.68
PA;PARAUAPEBAS;1505536;508;8;0;0;0;0;0;0;2120;163;3;0;0;0;0;0;829;21;0;0;0;0;0;0;5837;550;64;0;0;0;0;0;2702;531;0;0;16695;1625;212;0;13286;819;160;0;0;0;0;0;0;0;0;0;459;129;194;0;78;0;0;0;55;5;1;0;346;60;5;0;2076;0;0;0;0;0;0;0;0;0;0;0;0;0;49541;0.022605228525;240418045.81;116978278.38;0;0;116978278.38;357396324.19
PA;PAU DARCO;1505551;0;0;0;0;0;0;0;0;248;0;0;0;0;0;0;0;0;8;0;0;0;0;0;0;160;30;12;0;0;0;0;0;0;63;0;0;472;109;46;0;427;81;0;0;0;0;0;0;0;0;0;0;167;57;9;0;1;0;0;0;4;0;0;0;38;13;0;0;0;63;0;0;0;0;0;0;0;0;0;0;0;0;2008;0.000933261291;9925706.16;4829471.15;5246599.28;0;10076070.43;20001776.59
PA;PEIXE-BOI;1505601;7;76;0;0;0;0;0;0;122;47;0;0;0;0;0;0;16;44;0;0;0;0;0;0;85;46;0;0;0;0;0;0;181;197;0;0;163;216;0;0;205;115;0;0;0;0;0;0;0;0;0;0;117;394;0;0;0;0;0;0;1;0;0;0;8;10;0;0;139;0;0;0;0;0;0;0;0;0;0;0;0;0;2189;0.001143181377;12158312.51;5915772.5;3909996.68;1470253.49;11296022.67;23454335.18
PA;PICARRA;1505635;51;4;0;0;0;0;0;0;243;189;0;0;0;0;0;0;105;114;0;0;0;0;0;0;101;125;0;0;0;0;0;0;662;762;0;0;197;186;0;0;97;134;0;0;0;0;0;0;0;0;0;0;258;830;0;0;0;1;0;0;0;0;0;0;5;7;0;0;126;0;0;0;0;0;0;0;0;0;0;0;0;0;4197;0.002283619129;24287445.17;11817347.21;23837982.13;2687558.62;38342887.96;62630333.13
PA;PLACAS;1505650;156;63;0;0;0;0;0;0;111;256;0;0;0;0;0;0;227;237;0;0;0;0;0;0;39;378;0;0;0;0;0;0;1349;1912;0;0;104;737;0;0;241;807;0;0;0;0;0;0;0;0;0;0;0;53;0;0;2;3;0;0;2;11;0;0;2;15;0;0;115;0;0;0;0;0;0;0;0;0;0;0;0;0;6820;0.00402240869;42780352.15;20815292.49;36879263.6;4468438.45;62162994.54;104943346.69
PA;PONTA DE PEDRAS;1505700;4;0;0;0;0;0;0;0;166;69;0;0;0;0;0;0;25;5;0;0;0;0;0;0;410;381;0;13;0;0;0;0;620;482;0;0;344;667;0;33;479;468;0;102;0;0;0;0;0;0;0;0;48;390;0;12;2;0;0;0;4;12;0;1;11;28;0;6;195;0;0;0;0;0;0;0;0;0;0;0;0;0;4977;0.00262863592;27956873.35;13602751.42;14273860.5;3162365.85;31038977.77;58995851.12
PA;PORTEL;1505809;7;0;0;0;0;0;0;0;769;0;0;0;0;0;0;0;18;4;0;2;0;0;0;0;1241;1401;0;45;0;0;0;0;703;270;0;4;3279;5396;0;136;2078;3291;0;80;0;0;0;0;0;0;0;0;648;1272;0;32;48;0;0;0;89;15;0;0;279;204;0;3;648;0;0;0;0;0;0;0;0;0;0;0;0;0;21962;0.010711822768;113925656.36;55431891.98;85227039.4;0;140658931.38;254584587.74
PA;PORTO DE MOZ;1505908;8;0;0;0;0;0;0;0;341;109;0;0;0;0;0;0;39;33;0;0;0;0;0;0;627;786;0;19;0;0;0;0;3020;494;0;0;423;2021;0;52;59;5583;0;0;0;0;0;0;0;0;0;0;238;1040;0;0;5;0;0;0;33;11;0;0;33;156;0;3;314;0;0;0;0;0;0;0;0;0;0;0;0;0;15447;0.00818758424;87079102.1;42369379.61;58650694.47;11047711.2;112067785.28;199146887.38
PA;PRAINHA;1506005;14;8;0;0;0;0;0;0;234;247;0;0;0;0;0;0;18;8;0;0;0;0;0;0;400;1191;0;2;0;0;0;0;408;319;0;0;863;2773;0;6;727;1967;0;11;0;0;0;0;0;0;0;0;126;389;0;0;2;3;0;0;5;31;0;0;38;127;0;0;267;0;0;0;0;0;0;0;0;0;0;0;0;0;10184;0.005134977611;54613085.69;26572650.65;34422659.18;6425452.9;67420762.73;122033848.42
PA;PRIMAVERA;1506104;10;38;0;0;0;0;0;0;147;26;0;0;0;0;0;0;24;30;0;0;0;0;0;0;239;40;0;0;0;0;0;0;327;78;0;0;422;104;0;0;0;0;0;0;0;0;0;0;0;0;0;0;46;0;0;0;0;0;0;0;0;1;0;0;3;0;0;0;97;0;0;0;0;0;0;0;0;0;0;0;0;0;1632;0.000838418276;8917002.68;4338674.41;3184981.68;1181721;8705377.09;17622379.77
PA;QUATIPURU;1506112;1;7;0;0;0;0;0;0;51;45;0;0;0;0;0;0;9;7;0;0;0;0;0;0;149;146;0;0;0;0;0;0;137;27;0;0;344;409;0;0;0;0;0;0;0;0;0;0;0;0;0;0;20;16;0;0;1;1;0;0;5;1;0;0;9;10;0;0;108;0;0;0;0;0;0;0;0;0;0;0;0;0;1503;0.000740101753;7871356.71;3829902.84;3779729.57;0;7609632.41;15480989.12
PA;REDENCAO;1506138;953;0;0;0;0;0;0;0;751;0;0;0;0;0;0;0;441;62;0;0;0;0;0;0;1798;0;0;0;0;0;0;0;452;568;0;0;5880;0;0;0;4704;0;0;0;0;0;0;0;0;0;0;0;273;0;0;0;0;0;0;0;18;0;0;0;67;0;0;0;490;0;0;0;0;0;0;0;0;0;0;0;0;0;16457;0.007600922453;80839657.09;39333502.94;46588601.8;10630397.68;96552502.42;177392159.51
PA;RIO MARIA;1506161;0;0;0;0;0;0;0;0;226;0;0;0;0;0;0;0;15;0;0;0;0;0;0;0;387;46;0;0;0;0;0;0;215;0;0;0;949;124;0;0;761;96;0;0;0;0;0;0;0;0;0;0;132;0;0;0;5;0;0;0;16;2;0;0;89;5;0;0;77;0;0;0;0;0;0;0;0;0;0;0;0;0;3145;0.001434697955;15258738.85;7424322.06;6030626.83;0;13454948.89;28713687.74
PA;RONDON DO PARA;1506187;3;0;0;0;0;0;0;0;417;21;0;0;0;0;0;0;12;0;0;0;0;0;0;0;725;141;0;0;0;0;0;0;2015;249;0;0;1090;315;0;0;997;248;0;0;0;0;0;0;0;0;0;0;222;0;0;0;7;0;0;0;16;1;0;0;71;10;0;0;206;0;0;0;0;0;0;0;0;0;0;0;0;0;6766;0.003429847187;36478160.67;17748885.78;15203264.01;0;32952149.79;69430310.46
PA;RUROPOLIS;1506195;0;2;0;0;0;0;0;0;300;254;0;0;0;0;0;0;0;34;0;0;0;0;0;0;460;1772;0;0;0;0;0;0;261;20;0;0;1192;1520;0;0;833;758;0;0;0;0;0;0;0;0;0;0;65;316;0;0;19;2;0;0;29;10;0;0;159;59;0;0;46;0;0;0;0;0;0;0;0;0;0;0;0;0;8111;0.003938656449;41889604.68;20381888.64;48890845.69;5130234.83;74402969.16;116292573.84
PA;SALINOPOLIS;1506203;6;0;0;0;0;0;0;0;419;82;0;0;0;0;0;0;15;0;0;0;0;0;0;0;1097;167;0;0;0;0;0;0;496;50;0;0;2544;419;0;0;1078;126;0;0;0;0;0;0;0;0;0;0;112;41;0;0;11;2;0;0;53;12;0;0;122;22;0;0;81;0;0;0;0;0;0;0;0;0;0;0;0;0;6955;0.003211936164;34160566.66;16621232.66;19751622.04;0;36372854.7;70533421.36
PA;SALVATERRA;1506302;11;4;0;4;0;0;0;0;144;84;0;52;0;0;0;0;27;9;0;17;0;0;0;0;280;202;0;192;0;0;0;0;86;54;0;116;839;663;0;489;600;353;0;352;0;0;0;0;0;0;0;0;139;40;0;103;3;0;0;0;3;2;0;0;33;12;0;17;309;0;0;0;0;0;0;0;0;0;0;0;0;0;5239;0.002708231436;28803411.95;14014644.91;19943348.78;0;33957993.69;62761405.64
PA;SANTA BARBARA DO PARA;1506351;6;15;0;0;0;0;0;0;258;67;0;0;0;0;0;0;11;30;0;0;0;0;0;0;369;148;0;0;0;0;0;0;43;98;0;0;1159;407;0;0;0;0;0;0;0;0;0;0;0;0;0;0;26;31;0;0;2;0;0;0;16;9;0;0;51;22;0;0;155;0;0;0;0;0;0;0;0;0;0;0;0;0;2923;0.00138057506;14683114.46;7144245.13;9236963.53;1959462.05;18340670.71;33023785.17
PA;SANTA CRUZ DO ARARI;1506401;0;0;0;0;0;0;0;0;106;89;0;0;0;0;0;0;0;0;0;0;0;0;0;0;119;134;0;0;0;0;0;0;0;56;0;0;219;455;0;0;156;277;0;0;0;0;0;0;0;0;0;0;0;199;0;0;2;1;0;0;1;5;0;0;13;20;0;0;13;0;0;0;0;0;0;0;0;0;0;0;0;0;1865;0.000917700492;9760209.18;4748946.62;6709790.09;1188453.42;12647190.13;22407399.31
PA;SANTA IZABEL DO PARA;1506500;47;7;0;0;0;0;0;0;334;244;0;30;0;0;0;0;84;32;0;0;0;0;0;0;862;585;0;98;0;0;0;0;311;520;0;0;2744;1135;0;156;2132;1036;0;0;0;0;0;0;0;0;0;0;287;198;0;15;2;4;0;3;22;17;0;1;130;35;0;4;577;0;0;0;0;0;0;0;0;0;0;0;0;0;11652;0.005638895348;59972505.86;29180340.69;34210594.03;0;63390934.72;123363440.58
PA;SANTA LUZIA DO PARA;1506559;0;0;0;0;0;0;0;0;99;0;0;0;0;0;0;0;0;0;0;0;0;0;0;0;262;234;3;27;0;0;0;0;1010;351;0;28;288;524;0;79;236;200;0;0;0;0;0;0;0;0;0;0;178;161;0;31;9;0;0;0;34;13;0;0;139;48;0;2;169;0;0;0;0;0;0;0;0;0;0;0;0;0;4125;0.002227845965;23694269.34;11528730.41;14069333.59;2547626.68;28145690.68;51839960.02
PA;SANTA MARIA DAS BARREIRAS;1506583;0;23;0;0;0;0;0;0;23;269;0;0;0;0;0;0;0;43;0;0;0;0;0;0;75;468;7;0;0;0;0;0;0;200;0;0;190;1290;4;0;69;946;0;0;0;0;0;0;0;0;0;0;36;431;0;0;0;8;0;0;0;22;0;0;1;80;0;0;65;0;0;0;0;0;0;0;0;0;0;0;0;0;4250;0.002153440709;22902931.79;11143695.65;14940510.59;2570777.68;28654983.92;51557915.71
PA;SANTA MARIA DO PARA;1506609;22;2;0;0;0;0;0;0;250;182;0;0;0;0;0;0;21;7;0;0;0;0;0;0;400;255;0;0;0;0;0;0;305;32;0;0;777;622;0;0;0;0;0;0;0;0;0;0;0;0;0;0;75;89;0;0;5;4;0;0;16;18;0;0;21;26;0;0;176;0;0;0;0;0;0;0;0;0;0;0;0;0;3305;0.00162747298;17308998.81;8421900.58;10032632.26;2201125.34;20655658.18;37964656.99
PA;SANTANA DO ARAGUAIA;1506708;1520;237;0;0;0;0;0;0;0;74;3;0;0;0;0;0;98;0;0;0;0;0;0;0;842;325;7;0;0;0;0;0;0;0;0;0;2454;1046;18;0;2146;1080;21;0;0;0;0;0;0;0;0;0;1862;3085;40;0;0;0;0;0;19;4;0;0;135;50;1;0;0;0;0;0;0;0;0;0;0;0;0;0;0;0;15067;0.007054339427;75026469.99;36505027.16;45970318.17;8795590.41;91270935.74;166297405.73
PA;SANTAREM;1506807;2293;303;36;0;0;0;0;0;1274;273;47;0;0;0;0;0;33;5;2;0;0;0;0;0;5824;3081;471;114;0;0;0;0;1280;128;98;239;16316;8587;1123;279;9632;6994;970;35;0;0;0;0;0;0;0;0;316;29;24;0;58;19;2;0;361;108;16;4;1018;510;87;14;1900;12;0;0;0;0;0;0;0;0;0;0;0;0;63915;0.030718395066;326705678.02;158962558.84;205119302.96;0;364081861.8;690787539.82
PA;SANTAREM NOVO;1506906;16;0;0;0;0;0;0;0;101;0;0;0;0;0;0;0;23;15;0;0;0;0;0;0;40;118;0;0;0;0;0;0;117;248;0;0;99;185;0;0;107;135;0;0;0;0;0;0;0;0;0;0;19;97;0;0;0;0;0;0;0;0;0;0;5;23;0;0;156;0;0;0;0;0;0;0;0;0;0;0;0;0;1504;0.000816547251;8684393.27;4225495.51;5827536.68;980230.67;11033262.86;19717656.13
PA;SANTO ANTONIO DO TAUA;1507003;145;180;0;0;0;0;0;0;0;25;0;0;0;0;0;0;15;118;0;0;0;0;0;0;249;397;0;0;0;0;0;0;776;840;0;0;556;1207;0;0;466;387;0;0;0;0;0;0;0;0;0;0;125;21;0;0;0;0;0;0;9;11;0;0;48;44;0;0;251;0;0;0;0;0;0;0;0;0;0;0;0;0;5870;0.003173937545;33756432.12;16424596.16;28033765.36;3635423.45;48093784.97;81850217.09
PA;SAO CAETANO DE ODIVELAS;1507102;8;5;0;0;0;0;0;0;191;142;0;0;0;0;0;0;182;12;0;0;0;0;0;0;108;192;0;0;0;0;0;0;205;84;0;0;585;535;0;0;444;295;0;0;0;0;0;0;0;0;0;0;130;173;0;0;4;4;0;0;4;12;0;0;56;44;0;0;179;0;0;0;0;0;0;0;0;0;0;0;0;0;3594;0.001787765472;19013790.58;9251387.43;13543894.18;2354165.5;25149447.11;44163237.69
PA;SAO DOMINGOS DO ARAGUAIA;1507151;38;0;1;0;0;0;0;0;258;98;0;0;0;0;0;0;63;1;4;0;0;0;0;0;339;215;0;0;0;0;0;0;300;7;13;0;905;607;0;0;772;376;0;0;0;0;0;0;0;0;0;0;70;17;0;0;3;1;0;0;11;5;0;0;53;33;0;0;101;0;0;0;0;0;0;0;0;0;0;0;0;0;4291;0.002052419408;21828519.13;10620927.3;9298625.63;2617846.66;22537399.59;44365918.72
PA;SAO DOMINGOS DO CAPIM;1507201;86;0;0;0;0;0;0;0;102;472;0;9;0;0;0;0;81;0;0;0;0;0;0;0;185;643;0;21;0;0;0;0;207;100;0;0;690;1891;0;69;780;1234;0;57;0;0;0;0;0;0;0;0;157;812;0;29;3;2;0;0;5;9;0;0;52;97;0;2;119;0;0;0;0;0;0;0;0;0;0;0;0;0;7914;0.003960315909;42119963.99;20493972.73;26517235.36;4989623.65;52000831.74;94120795.73
PA;SAO FELIX DO XINGU;1507300;444;64;0;0;0;0;0;0;441;616;0;0;0;0;0;0;4;109;0;0;0;0;0;0;919;969;37;0;0;0;0;0;866;681;0;0;2115;2675;288;0;1509;1863;270;0;0;0;0;0;0;0;0;0;250;153;0;0;6;2;0;0;27;11;0;0;172;132;10;0;306;0;0;0;0;0;0;0;0;0;0;0;0;0;14939;0.007504206666;79811035.75;38833014.91;39571013.65;0;78404028.56;158215064.31
PA;SAO FRANCISCO DO PARA;1507409;0;0;0;0;0;0;0;0;0;0;0;0;0;0;0;0;8;22;0;0;0;0;0;0;132;198;0;0;0;0;0;0;344;308;0;0;345;354;0;0;420;181;0;0;0;0;0;0;0;0;0;0;81;133;0;0;0;0;0;0;19;10;0;0;49;54;0;0;248;0;0;0;0;0;0;0;0;0;0;0;0;0;2906;0.001510970017;16069930.83;7819017.23;11356774.23;1862536.69;21038328.15;37108258.98
PA;SAO GERALDO DO ARAGUAIA;1507458;170;12;0;0;0;0;0;0;293;96;8;0;0;0;0;0;22;22;1;0;0;0;0;0;540;200;9;0;0;0;0;0;712;112;0;0;1243;581;28;0;719;394;19;0;0;0;0;0;0;0;0;0;202;203;40;0;3;0;0;0;8;1;0;0;78;36;0;0;209;0;0;0;0;0;0;0;0;0;0;0;0;0;5961;0.002915176167;31004373.9;15085549.29;22395404.82;3837107.33;41318061.44;72322435.34
PA;SAO JOAO DA PONTA;1507466;0;0;0;0;0;0;0;0;20;52;0;0;0;0;0;0;0;0;0;0;0;0;0;0;29;138;0;0;0;0;0;0;0;0;0;0;104;353;0;0;142;202;0;0;0;0;0;0;0;0;0;0;19;24;0;0;1;0;0;0;4;3;0;0;22;40;0;0;51;0;0;0;0;0;0;0;0;0;0;0;0;0;1204;0.000595371822;6332080.65;3080949.64;0;766433.68;3847383.32;10179463.97
PA;SAO JOAO DE PIRABAS;1507474;0;0;0;0;0;0;0;0;0;0;0;0;0;0;0;0;37;16;0;0;0;0;0;0;289;237;0;0;0;0;0;0;910;813;0;0;432;319;0;0;336;179;0;0;0;0;0;0;0;0;0;0;30;0;0;0;0;0;0;0;1;2;0;0;10;13;0;0;332;0;0;0;0;0;0;0;0;0;0;0;0;0;3956;0.00220705842;23473183.28;11421158.34;15407544.28;2521832.53;29350535.15;52823718.43
PA;SAO JOAO DO ARAGUAIA;1507508;0;0;0;0;0;0;0;0;26;200;0;0;0;0;0;0;0;0;0;0;0;0;0;0;54;326;0;0;0;0;0;0;107;26;0;0;56;1101;0;0;150;693;0;0;0;0;0;0;0;0;0;0;22;158;0;0;1;3;0;0;1;14;0;0;1;49;0;0;40;0;0;0;0;0;0;0;0;0;0;0;0;0;3028;0.001514284153;16105178.34;7836167.33;7860053.37;1835169.03;17531389.73;33636568.07
PA;SAO MIGUEL DO GUAMA;1507607;70;1;0;0;0;0;0;0;738;125;0;4;0;0;0;0;221;28;0;2;0;0;0;0;988;581;0;50;0;0;0;0;778;217;0;9;2826;1376;0;114;2440;1089;0;34;0;0;0;0;0;0;0;0;375;520;0;66;15;0;0;1;8;4;0;1;230;95;0;1;1072;0;0;0;0;0;0;0;0;0;0;0;0;0;14079;0.006858845067;72947288.53;35493376.53;50764025.17;9018028.59;95275430.29;168222718.82
PA;SAO SEBASTIAO DA BOA VISTA;1507706;11;2;0;0;0;0;0;0;307;138;0;0;0;0;0;0;116;3;0;0;0;0;0;0;320;632;0;0;0;0;0;0;731;286;0;0;786;1532;0;0;464;1010;0;0;0;0;0;0;0;0;0;0;36;73;0;0;6;0;0;0;7;0;0;0;7;8;0;0;167;0;0;0;0;0;0;0;0;0;0;0;0;0;6642;0.003401829206;36180175.26;17603897.41;24559419.9;4399233.57;46562550.88;82742726.14
PA;SAPUCAIA;1507755;279;0;0;0;0;0;0;0;0;0;0;0;0;0;0;0;6;0;0;0;0;0;0;0;162;29;0;0;0;0;0;0;461;173;0;0;30;151;0;0;137;0;0;0;0;0;0;0;0;0;0;0;224;26;0;0;0;0;0;0;1;0;0;0;13;1;0;0;32;0;0;0;0;0;0;0;0;0;0;0;0;0;1725;0.000934932902;9943484.58;4838121.46;7071144.14;1088078.14;12997343.74;22940828.32
PA;SENADOR JOSE PORFIRIO;1507805;5;1;0;0;0;0;0;0;205;245;4;0;0;0;0;0;17;20;0;0;0;0;0;0;317;453;18;0;0;0;0;0;1443;2364;94;0;110;223;5;0;82;182;2;0;0;0;0;0;0;0;0;0;161;110;0;0;1;1;0;0;0;6;0;0;21;18;0;0;78;0;0;0;0;0;0;0;0;0;0;0;0;0;6186;0.003761316017;40003499.43;19464181.56;33373261.31;0;52837442.87;92840942.3
PA;SOURE;1507904;50;21;0;0;0;0;0;0;476;0;0;0;0;0;0;0;84;39;0;0;0;0;0;0;586;9;0;0;0;0;0;0;51;79;0;0;1982;72;0;0;816;0;0;0;0;0;0;0;0;0;0;0;206;0;0;0;20;0;0;0;33;0;0;0;134;3;0;0;66;0;0;0;0;0;0;0;0;0;0;0;0;0;4727;0.002155477018;22924588.96;11154233.21;13495148.13;0;24649381.34;47573970.3
PA;TAILANDIA;1507953;687;0;0;0;0;0;0;0;409;244;0;0;0;0;0;0;276;1;0;0;0;0;0;0;1404;640;0;0;0;0;0;0;241;75;0;0;4220;1792;0;0;3809;1383;0;0;0;0;0;0;0;0;0;0;461;127;0;0;20;12;0;0;175;34;0;0;681;85;0;0;869;0;0;0;0;0;0;0;0;0;0;0;0;0;17645;0.008366710895;88984204.74;43296330.1;60355132.57;0;103651462.67;192635667.41
PA;TERRA ALTA;1507961;0;0;0;0;0;0;0;0;62;37;0;0;0;0;0;0;0;14;0;0;0;0;0;0;120;147;0;0;0;0;0;0;69;352;0;0;328;212;0;0;164;88;0;0;0;0;0;0;0;0;0;0;53;158;0;0;2;0;0;0;5;2;0;0;26;26;0;0;44;0;0;0;0;0;0;0;0;0;0;0;0;0;1909;0.000996181347;10594892.78;5155071.93;8505893.28;0;13660965.21;24255857.99
PA;TERRA SANTA;1507979;0;0;0;0;0;0;0;0;282;21;0;0;0;0;0;0;0;0;0;0;0;0;0;0;635;52;0;0;0;0;0;0;2015;0;0;0;783;178;0;0;52;108;0;0;0;0;0;0;0;0;0;0;107;0;0;0;8;0;0;0;25;0;0;0;75;2;0;0;108;0;0;0;0;0;0;0;0;0;0;0;0;0;4451;0.00233190629;24801003.57;12067225.19;13933821.18;3009220.22;29010266.59;53811270.16
PA;TOME-ACU;1508001;258;10;0;5;0;0;0;0;605;471;20;47;0;0;0;0;316;50;0;14;0;0;0;0;1031;1133;32;69;0;0;0;0;742;293;7;56;3095;3080;84;169;2985;2053;70;112;0;0;0;0;0;0;0;0;319;382;47;24;8;8;0;0;19;19;1;1;75;130;5;5;780;0;0;0;0;0;0;0;0;0;0;0;0;0;18630;0.009197550548;97820604.93;47595786.4;59228637.61;11958611.16;118783035.17;216603640.1
PA;TRACUATEUA;1508035;4;6;0;0;0;0;0;0;83;42;0;0;0;0;0;0;22;55;0;22;0;0;0;0;197;476;0;0;0;0;0;0;117;194;0;107;609;1406;0;0;679;1266;0;0;0;0;0;0;0;0;0;0;72;79;0;54;0;0;0;0;0;10;0;0;24;55;0;1;255;0;0;0;0;0;0;0;0;0;0;0;0;0;5835;0.002966683839;31552184.06;15352092.88;16361288.29;3611519.57;35324900.74;66877084.8
PA;TRAIRAO;1508050;0;0;0;0;0;0;0;0;227;102;0;0;0;0;0;0;0;0;0;0;0;0;0;0;365;181;0;0;0;0;0;0;118;147;0;0;646;730;0;0;479;472;0;0;0;0;0;0;0;0;0;0;27;65;0;0;8;5;0;0;16;6;0;0;48;60;0;0;102;0;0;0;0;0;0;0;0;0;0;0;0;0;3804;0.001834433008;19510123.44;9492884.13;9982210.47;0;19475094.6;38985218.04
PA;TUCUMA;1508084;332;0;0;0;0;0;0;0;668;24;0;0;0;0;0;0;247;0;0;0;0;0;0;0;825;144;0;0;0;0;0;0;509;0;0;0;2385;351;0;0;1806;277;0;0;0;0;0;0;0;0;0;0;194;0;0;0;20;0;0;0;38;1;0;0;49;19;0;0;152;0;0;0;0;0;0;0;0;0;0;0;0;0;8041;0.003729151788;39661416.58;19297737.05;13357942.04;5151455.84;37807134.93;77468551.51
PA;TUCURUI;1508100;360;0;0;0;0;0;0;0;1385;0;0;0;0;0;0;0;2162;177;47;0;0;0;0;0;22;0;0;0;0;0;0;0;11188;1146;182;0;48;19;0;0;29;0;0;0;0;0;0;0;0;0;0;0;747;336;10;0;34;0;0;0;28;0;0;0;169;14;1;0;978;0;0;0;0;0;0;0;0;0;0;0;0;0;19082;0.011267686507;119837548.54;58308393.9;109306634.88;0;167615028.78;287452577.32
PA;ULIANOPOLIS;1508126;137;1;0;0;0;0;0;0;241;241;0;0;0;0;0;0;178;17;0;0;0;0;0;0;330;306;0;0;0;0;0;0;1896;124;0;0;548;243;0;0;801;201;0;0;0;0;0;0;0;0;0;0;216;240;0;0;10;5;0;0;12;10;0;0;108;22;0;0;221;0;0;0;0;0;0;0;0;0;0;0;0;0;6108;0.003212580839;34167423.1;16624568.75;18338359.64;2145716.67;37108645.06;71276068.16
PA;URUARA;1508159;6;0;0;0;0;0;0;0;195;545;0;0;0;0;0;0;21;3;0;0;0;0;0;0;568;1436;0;0;0;0;0;0;135;98;0;0;1668;3494;0;0;1094;2970;0;0;0;0;0;0;0;0;0;0;153;23;0;0;8;4;0;0;25;20;0;0;39;88;0;0;267;0;0;0;0;0;0;0;0;0;0;0;0;0;12860;0.006224952553;66205520.83;32213088.75;46530039.05;8291802.44;87034930.24;153240451.07
PA;VIGIA;1508209;101;26;0;0;0;0;0;0;271;175;0;0;0;0;0;0;60;47;0;0;0;0;0;0;687;325;0;0;0;0;0;0;673;254;0;0;1529;854;0;0;630;328;0;0;0;0;0;0;0;0;0;0;546;424;0;0;8;2;0;0;22;13;0;0;91;32;0;0;329;0;0;0;0;0;0;0;0;0;0;0;0;0;7427;0.003638054897;38692555.04;18826325.87;29190224.67;0;48016550.54;86709105.58
PA;VISEU;1508308;0;1;0;0;0;0;0;0;369;1157;0;39;0;0;0;0;7;10;0;0;0;0;0;0;395;1418;0;37;0;0;0;0;455;422;0;0;969;4034;0;110;901;3446;0;124;0;0;0;0;0;0;0;0;170;503;0;0;16;19;0;1;20;26;0;0;37;191;0;6;106;0;0;0;0;0;0;0;0;0;0;0;0;0;14989;0.007674710915;81624434.73;39715345.9;47852782.29;9270537.52;96838665.71;178463100.44
PA;VITORIA DO XINGU;1508357;0;0;0;0;0;0;0;0;282;0;0;0;0;0;0;0;196;60;25;0;0;0;0;0;162;163;2;0;0;0;0;0;568;366;139;0;887;525;1;0;339;405;0;0;0;0;0;0;0;0;0;0;130;166;0;0;32;0;0;0;4;0;1;0;21;20;0;0;302;0;0;0;0;0;0;0;0;0;0;0;0;0;4796;0.002497694197;26564241.87;12925149.89;6102800.95;0;19027950.84;45592192.71
PA;XINGUARA;1508407;1110;69;0;0;0;0;0;0;0;0;0;0;0;0;0;0;33;8;0;0;0;0;0;0;1091;216;0;0;0;0;0;0;184;12;0;0;2969;686;0;0;2022;419;0;0;0;0;0;0;0;0;0;0;365;56;0;0;0;0;0;0;39;5;0;0;191;19;0;0;179;0;0;0;0;0;0;0;0;0;0;0;0;0;9673;0.004514403276;48012963.56;23361282.22;24558997.44;0;47920279.66;95933243.22
PA;GOVERNO DO ESTADO;15;0;0;0;0;0;0;0;0;0;0;0;0;0;0;0;0;0;0;0;0;0;0;0;0;0;0;0;0;0;0;0;0;15902;2130;23;37;29733;345;703;0;63081;9996;416;150;52583;10391;441;72;145197;85838;917;1921;31947;11575;223;649;0;0;0;0;0;0;0;0;6877;2279;35;39;10911;22883;0;0;0;0;0;0;0;0;20;0;0;0;507314;0.264310636013;2811077380.88;1367763352.84;0;148440808.34;1516204161.18;4327281542.06
